Sample,Rock Type,SiO2,TiO2,Al2O3,FeO,MgO,CaO,Na2O,K2O,Total
826-3C,VOL,43.24,1.13,20.05,9.86,8.69,7.33,2.19,0.36,92.85
130120_06A,VOL,43.54,1.11,22.88,9.51,4.80,7.40,2.41,0.31,91.97
828-6A,VOL,44.46,1.67,17.32,9.86,9.51,8.86,2.53,0.83,95.04
130107_01B,VOL,45.97,1.39,19.76,9.86,7.69,7.50,2.65,0.72,95.55
115_03F,VOL,46.36,1.21,22.18,9.71,4.08,7.61,2.52,0.36,94.02
115_03I,VOL,47.24,1.16,21.55,9.44,4.50,8.12,2.67,0.44,95.14
PU-02-03,VOL,47.78,0.67,13.89,10.83,16.17,7.93,2.14,0.30,99.71
15-6A,VOL,48.20,0.69,15.08,8.54,13.44,9.02,1.96,0.42,97.35
115_03E,VOL,48.25,1.11,21.57,9.04,4.47,7.82,2.67,0.45,95.37
120309/02A,VOL,48.50,1.02,17.80,9.44,10.21,8.38,2.79,0.46,98.60
160390-05,VOL,48.61,1.55,16.30,9.47,8.12,10.10,3.15,1.18,98.48
160390-01,VOL,48.84,1.50,16.60,8.76,8.06,10.46,3.29,1.18,98.69
130130_04A,VOL,48.92,1.19,18.27,9.18,7.80,8.16,2.62,0.76,96.91
826-3B,VOL,48.94,0.99,18.25,8.75,8.00,9.23,2.52,0.45,97.13
826-3A,VOL,49.12,1.01,17.98,8.83,8.14,9.27,2.55,0.48,97.38
15-6B,VOL,49.14,0.66,14.01,8.50,15.05,8.59,1.92,0.44,98.31
130130_02D,VOL,49.17,1.27,18.65,9.00,7.15,8.46,3.25,0.95,97.91
803-5C,VOL,49.25,0.85,18.13,7.60,7.94,9.12,2.64,0.59,96.12
Sanj-3,VOL,49.37,0.76,15.51,9.70,10.80,9.57,2.46,0.41,98.58
CLD179D,VOL,49.42,0.99,18.15,8.57,8.77,9.16,2.77,0.80,98.62
160390-04,VOL,49.46,1.55,16.30,9.11,7.30,10.36,3.25,1.16,98.49
PU-05-07,VOL,49.57,0.69,20.84,7.81,6.83,11.01,2.54,0.46,99.76
130107_01A,VOL,49.62,1.20,18.18,8.98,7.19,7.87,2.79,0.85,96.68
FB210314-2,VOL,49.75,1.15,16.68,9.11,7.57,8.93,2.93,1.10,97.22
20-3C,VOL,49.80,0.89,18.57,8.05,7.32,9.49,2.59,0.57,97.28
21-5C,VOL,49.82,0.77,15.49,8.38,12.24,9.13,2.18,0.47,98.47
21-5C,VOL,49.82,0.77,15.49,8.38,12.24,9.13,2.18,0.47,98.47
Cord2-2,VOL,49.85,1.17,17.28,9.04,6.42,8.19,3.28,1.23,96.46
Cab1-2,VOL,49.88,1.11,17.50,9.04,6.71,8.92,3.22,0.68,97.06
CLD313A,VOL,49.93,1.13,20.26,10.10,5.25,8.46,3.07,0.35,98.54
CLD218A,VOL,49.96,1.52,18.33,11.21,4.68,7.74,3.72,1.08,98.24
Huel-1,VOL,49.96,1.11,17.73,9.65,5.66,9.40,3.17,0.82,97.50
120308/06C,VOL,50.00,0.98,17.91,8.40,8.26,9.38,2.89,0.83,98.64
120308/06C,VOL,50.00,0.98,17.91,8.40,8.26,9.38,2.89,0.83,98.64
040976-04,VOL,50.04,0.46,21.30,8.99,3.11,11.96,3.12,0.40,99.38
130121_10A,VOL,50.08,1.16,18.00,8.69,7.41,8.90,3.25,0.91,98.39
T-4D,VOL,50.10,1.66,16.20,10.85,5.06,8.66,3.47,0.88,96.88
Huel-6,VOL,50.12,1.14,18.19,9.36,4.74,9.00,3.33,0.83,96.71
120309/03A,VOL,50.20,1.14,17.94,8.75,7.15,9.38,3.27,0.67,98.50
120309/03A,VOL,50.20,1.14,17.94,8.75,7.15,9.38,3.27,0.67,98.50
130108_03C_STAR,VOL,50.21,1.29,20.22,9.16,3.53,8.47,3.29,0.61,96.79
Cab2-1,VOL,50.24,1.14,17.50,9.40,6.33,8.79,3.34,0.82,97.56
FB210314-5,VOL,50.26,1.00,17.46,9.24,6.63,8.87,3.03,0.75,97.24
Cab1-1,VOL,50.26,1.12,17.48,9.26,6.80,8.68,3.30,0.75,97.65
Sanj-1,VOL,50.29,0.80,15.63,9.50,9.83,9.88,2.50,0.41,98.85
120309/01A,VOL,50.33,1.10,17.66,8.77,7.77,9.05,3.18,0.67,98.53
120309/01A,VOL,50.33,1.10,17.66,8.77,7.77,9.05,3.18,0.67,98.53
23-9A,VOL,50.34,0.81,20.24,7.49,5.60,10.71,2.42,0.44,98.05
120308/03C,VOL,50.38,1.22,19.17,8.89,6.13,8.62,3.15,0.89,98.46
FB141112-10,VOL,50.42,0.97,18.87,9.71,5.75,9.04,2.85,0.44,98.05
Barda1-2,VOL,50.45,1.08,16.82,9.67,7.59,9.07,3.13,0.74,98.55
Ca√±i-5,VOL,50.49,1.02,17.32,9.64,6.65,8.45,3.17,0.85,97.59
040476-01,VOL,50.57,0.66,17.64,9.73,7.33,10.05,2.86,0.62,99.46
FB220114-10,VOL,50.64,1.20,18.42,10.13,4.60,8.02,3.75,0.48,97.24
21-5B,VOL,50.69,0.75,15.12,8.18,11.99,9.28,2.21,0.51,98.72
26-8A,VOL,50.72,1.06,18.53,8.81,6.17,7.96,2.66,0.74,96.65
26-8A,VOL,50.72,1.06,18.53,8.81,6.17,7.96,2.66,0.74,96.65
FB230114-1,VOL,50.73,1.17,18.51,10.37,4.44,8.08,3.41,0.47,97.18
CLD177E,VOL,50.77,1.09,18.39,8.43,7.19,8.75,3.02,0.94,98.59
Cab3-1,VOL,50.78,1.14,17.56,9.53,7.06,8.72,3.37,0.80,98.96
PU-02-05,VOL,50.87,0.95,17.67,9.82,7.98,9.45,2.90,0.58,100.22
Red-5,VOL,50.87,0.99,17.24,9.70,7.35,9.07,3.08,0.79,99.09
Pi-1,VOL,50.87,1.23,18.08,8.46,6.41,8.40,3.30,1.21,97.96
LL141112-3,VOL,50.91,1.12,19.25,10.36,4.44,7.23,3.48,0.51,97.30
cr-2,VOL,50.91,1.16,19.50,8.49,4.98,9.15,3.48,0.91,98.58
Huel-3,VOL,50.95,1.13,18.22,9.77,5.67,9.55,3.23,0.83,99.35
226_05A,VOL,50.96,1.49,17.25,10.02,4.31,8.00,3.77,0.64,96.43
120308/06D,VOL,51.04,1.10,18.13,8.41,6.66,9.04,3.21,1.01,98.58
CLD230A,VOL,51.06,1.25,20.45,9.29,3.53,8.67,3.52,0.78,98.56
FB091012-7,VOL,51.13,2.40,14.37,12.06,4.42,7.89,3.60,0.85,96.72
PU-05-35,VOL,51.20,0.91,19.57,8.99,4.77,10.59,3.08,0.60,99.71
FB220314-5,VOL,51.21,1.10,18.42,9.79,4.53,7.98,3.64,0.45,97.12
Rel1-2,VOL,51.22,1.17,17.55,10.74,5.79,8.46,3.29,1.11,99.33
FB141112-5,VOL,51.23,1.15,18.71,10.37,4.51,8.13,3.63,0.50,98.23
035(b),VOL,51.31,1.17,17.44,11.24,5.58,9.01,3.32,0.55,99.62
Cab2-2,VOL,51.31,1.13,17.45,9.69,7.45,8.84,3.33,0.75,99.95
FB230114-2,VOL,51.35,1.17,18.14,10.32,4.51,8.12,3.62,0.49,97.72
130111_08A,VOL,51.36,1.10,17.61,8.46,7.55,8.90,2.91,0.77,98.66
130116_11E,VOL,51.38,1.39,18.20,8.47,4.99,9.09,3.38,1.34,98.24
FB091012-1,VOL,51.39,1.15,18.49,10.55,4.62,8.01,3.57,0.47,98.25
FB151112-1,VOL,51.40,1.05,17.31,8.95,6.83,8.66,3.17,0.88,98.25
FB141112-8,VOL,51.43,1.08,18.74,10.06,4.84,8.38,3.28,0.48,98.29
170(b),VOL,51.44,1.18,15.90,10.82,7.36,9.37,2.92,0.64,99.63
CLD248B,VOL,51.45,0.96,19.97,8.43,5.31,8.74,3.19,0.66,98.71
HL1,VOL,51.48,1.16,17.75,8.10,6.24,9.18,3.27,1.13,98.31
020976-02,VOL,51.50,0.60,20.48,8.76,3.68,10.62,2.78,0.41,98.83
FB220314-7,VOL,51.50,1.01,18.58,10.04,4.05,7.31,3.88,0.53,96.90
LL141112-1,VOL,51.50,1.09,18.61,10.04,4.82,8.48,3.50,0.54,98.58
PU-05-33,VOL,51.50,1.12,18.73,11.50,4.31,8.22,3.73,0.55,99.66
220483-01,VOL,51.52,0.78,20.58,7.42,4.88,10.45,2.94,0.36,98.93
FB091012-6,VOL,51.52,1.08,18.54,10.88,4.44,7.98,3.68,0.47,98.59
130111_02Bii,VOL,51.52,1.12,18.86,8.91,4.66,9.88,3.37,0.52,98.85
PU-05-29,VOL,51.52,1.05,17.54,9.78,6.91,8.90,3.09,0.78,99.57
151284-04,VOL,51.54,0.83,17.58,8.04,7.47,9.86,2.80,0.67,98.79
CLD160N,VOL,51.56,0.94,19.61,7.90,5.74,9.76,2.77,0.56,98.84
CLD329D,VOL,51.58,1.11,18.27,9.80,5.05,8.93,3.24,0.59,98.56
1780S-208,VOL,51.60,1.04,18.00,9.00,5.94,9.54,2.87,0.54,98.53
1780SE-19,VOL,51.60,1.01,17.70,9.00,6.16,9.66,2.98,0.57,98.68
1751-7,VOL,51.60,1.03,17.60,9.09,6.15,9.57,3.03,0.59,98.66
JK 260,VOL,51.62,1.15,17.71,9.37,4.75,8.81,3.09,0.57,97.07
C185,VOL,51.62,1.03,17.84,9.10,5.81,9.55,3.13,0.61,98.69
20-3D,VOL,51.62,0.85,17.57,7.67,7.24,9.88,2.72,0.64,98.19
CLD160M,VOL,51.63,0.98,19.20,8.21,5.82,9.67,2.76,0.55,98.80
102(a),VOL,51.63,0.84,20.95,8.22,3.79,10.84,3.01,0.45,99.73
JK 234,VOL,51.64,1.05,17.71,8.63,4.79,9.15,2.90,0.56,96.43
1957-61,VOL,51.70,1.04,18.00,8.82,5.59,9.82,3.06,0.59,98.62
PU-02-14,VOL,51.71,0.93,17.97,8.91,6.85,10.05,2.87,0.40,99.69
PU-03-08,VOL,51.75,0.95,18.61,9.01,5.74,10.22,2.91,0.49,99.67
R1971 DV,VOL,51.76,1.13,16.59,9.59,6.10,9.55,2.98,0.63,98.33
Huel-4,VOL,51.77,1.19,17.76,9.88,4.60,8.91,3.56,0.93,98.61
201282-01,VOL,51.79,0.87,17.34,7.67,6.54,9.90,2.91,0.78,97.80
Cr-2,VOL,51.79,1.03,18.05,8.31,6.21,9.13,3.38,0.93,98.83
FB220114-6,VOL,51.79,1.04,17.26,8.72,6.22,8.36,3.19,1.04,97.62
1852-23,VOL,51.80,1.06,18.10,8.91,5.34,9.65,3.15,0.61,98.62
2008,VOL,51.80,1.07,17.87,10.06,5.69,9.67,2.78,0.63,99.57
PU-05-32,VOL,51.80,1.19,18.53,11.40,4.23,8.16,3.82,0.52,99.65
LL141112-4,VOL,51.82,1.10,18.85,10.20,4.44,7.40,3.59,0.54,97.94
CLD159A,VOL,51.84,1.08,17.46,8.90,6.27,9.37,3.08,0.58,98.59
HM-1,VOL,51.84,1.25,18.48,8.73,4.73,8.95,3.63,0.86,98.47
160185-03,VOL,51.86,0.91,16.90,8.27,7.67,9.83,2.69,0.65,98.78
FB151112-3,VOL,51.88,1.06,18.82,10.42,4.25,7.93,3.66,0.52,98.54
JK 199,VOL,51.88,1.38,16.07,10.43,3.43,7.41,3.44,0.58,94.62
161282-07,VOL,51.91,0.80,20.28,7.49,4.51,10.93,2.87,0.43,99.22
1971 10 M1,VOL,51.92,1.12,16.68,9.44,5.95,9.57,3.01,0.64,98.33
HL-2,VOL,51.93,1.08,17.57,8.13,6.56,9.21,3.03,1.08,98.59
Upper - H - 14,VOL,51.98,1.01,19.43,8.57,4.68,9.87,2.62,0.54,98.70
2008-508,VOL,52.00,1.11,17.70,9.18,5.54,9.53,2.82,0.69,98.57
115_01A,VOL,52.00,1.40,18.15,8.47,5.09,9.09,3.67,1.38,99.26
130108_08C,VOL,52.02,1.49,17.39,10.00,4.36,8.18,3.74,0.66,97.86
CLD339A,VOL,52.02,0.89,20.61,7.42,3.85,10.56,3.08,0.48,98.92
130108_05Ciii,VOL,52.03,1.04,20.82,7.88,2.53,5.38,3.28,0.82,93.78
FB220314-9,VOL,52.03,1.04,18.02,10.16,3.98,7.67,3.74,0.52,97.16
1957,VOL,52.04,1.02,17.82,9.79,5.70,9.58,3.03,0.64,99.62
151282-06,VOL,52.06,0.80,20.58,7.28,4.08,10.81,3.03,0.42,99.06
1780SSW-33,VOL,52.10,0.95,17.80,8.64,5.99,9.57,3.03,0.63,98.71
1957-12c,VOL,52.10,1.02,17.80,8.82,5.69,9.52,3.06,0.66,98.67
JK 286,VOL,52.12,1.06,17.27,9.06,5.75,9.46,3.09,0.66,98.47
130108_03D,VOL,52.15,1.57,18.18,9.90,3.36,6.81,3.61,0.91,96.50
130130_05Bi,VOL,52.16,1.27,17.59,9.67,4.47,8.78,3.70,0.59,98.24
1640S-252,VOL,52.20,1.01,17.80,8.91,5.80,9.52,2.83,0.61,98.68
130108_02A,VOL,52.21,1.29,19.03,8.98,3.57,7.99,3.54,0.78,97.40
PU-05-27,VOL,52.21,0.96,17.62,9.40,6.31,9.40,3.03,0.69,99.61
098(a),VOL,52.24,0.90,18.86,9.43,4.83,9.97,2.98,0.49,99.70
FB240314-2,VOL,52.25,1.03,18.11,9.93,4.02,7.82,3.70,0.52,97.38
CLD241F,VOL,52.25,0.99,18.52,8.78,5.14,9.18,3.17,0.66,98.68
JK 224,VOL,52.30,0.94,19.75,7.68,3.75,10.56,3.11,0.48,98.57
FB240314-5,VOL,52.32,1.01,18.14,9.92,4.04,7.79,3.71,0.52,97.45
JK 268,VOL,52.33,1.09,17.72,9.29,6.24,9.79,3.01,0.59,100.06
151282-08,VOL,52.36,0.89,19.82,7.71,4.04,10.41,3.11,0.48,98.82
161282-04,VOL,52.36,0.89,20.45,7.33,4.09,10.63,3.24,0.48,99.47
032(a),VOL,52.36,0.92,21.06,8.14,3.14,10.35,3.19,0.53,99.69
PU-05-37,VOL,52.38,1.00,17.97,9.94,4.90,9.42,3.32,0.73,99.66
120306/02A,VOL,52.39,1.00,19.11,8.38,4.74,9.53,3.02,0.56,98.74
120306/02A,VOL,52.39,1.00,19.11,8.38,4.74,9.53,3.02,0.56,98.74
1852-76,VOL,52.40,1.18,17.50,9.27,5.16,9.11,3.20,0.74,98.56
CLD324A,VOL,52.40,1.08,18.06,9.38,4.73,8.94,3.35,0.67,98.61
PU-02-10,VOL,52.41,0.99,17.52,9.44,6.03,9.60,3.02,0.61,99.62
F3,VOL,52.41,1.14,17.68,10.15,5.23,9.24,3.05,0.71,99.61
126791,VOL,52.42,1.19,17.97,10.61,4.56,8.21,3.98,0.47,99.41
C177,VOL,52.44,1.44,16.14,11.25,4.39,8.55,3.76,0.61,98.58
1971 09,VOL,52.47,1.11,16.71,9.67,6.10,9.61,3.06,0.65,99.38
05-3C,VOL,52.48,0.97,18.16,8.36,5.17,8.28,2.82,0.84,97.08
JK 257,VOL,52.50,1.10,17.18,9.19,4.50,8.62,2.76,0.49,96.34
11R - 1999 Scoria,VOL,52.52,1.23,17.11,9.07,5.64,9.47,3.16,0.67,98.87
120306/02B,VOL,52.52,0.97,20.20,7.71,3.99,9.82,3.06,0.56,98.83
120306/02B,VOL,52.52,0.97,20.20,7.71,3.99,9.82,3.06,0.56,98.83
6R - 2000 Reticulite,VOL,52.53,1.23,17.19,8.97,5.77,9.52,3.22,0.68,99.11
FB170812-1,VOL,52.58,1.10,18.26,10.56,4.10,7.76,3.83,0.55,98.74
1780N-89,VOL,52.60,1.10,17.30,9.09,5.63,9.03,3.12,0.81,98.68
CLD238B,VOL,52.61,1.06,18.19,9.18,4.73,8.78,3.37,0.71,98.63
Upper - G - 12,VOL,52.62,0.98,18.62,8.36,4.83,9.96,2.75,0.61,98.73
7R - 2000 Reticulite,VOL,52.64,1.24,17.07,9.06,5.90,9.46,3.20,0.68,99.25
130111_02Bi,VOL,52.66,1.24,17.65,9.34,4.29,8.88,3.78,0.64,98.47
JK 285,VOL,52.69,1.08,17.51,9.08,5.77,9.32,3.10,0.67,99.22
JK 213,VOL,52.72,1.09,16.74,9.02,4.27,8.71,3.16,0.54,96.25
CLD323A,VOL,52.72,1.08,17.32,9.34,5.07,8.95,3.43,0.70,98.62
126792,VOL,52.73,1.21,18.05,10.46,4.57,8.42,3.93,0.47,99.84
FB240314-4,VOL,52.74,1.02,18.12,9.61,3.99,7.72,3.74,0.54,97.48
H-V - 1984 Lava,VOL,52.76,1.17,17.03,9.07,5.91,9.54,3.20,0.67,99.35
120308/03F,VOL,52.76,1.17,18.71,9.25,5.07,7.91,3.08,0.65,98.62
120308/03F,VOL,52.76,1.17,18.71,9.25,5.07,7.91,3.08,0.65,98.62
10R - 1999 Scoria,VOL,52.79,1.23,17.15,9.08,5.74,9.49,3.18,0.68,99.34
Jk 228,VOL,52.80,1.09,17.96,8.89,4.71,8.86,3.15,0.71,98.17
250281-02 161282-03,VOL,52.81,0.96,18.91,8.71,3.91,9.71,3.28,0.59,98.88
CLD160O,VOL,52.81,1.20,18.62,9.47,4.22,8.72,3.03,0.53,98.61
Lower - D - 09,VOL,52.83,1.03,19.68,8.13,3.88,9.86,2.76,0.60,98.77
JK 198b,VOL,52.84,1.16,17.52,9.44,4.64,8.85,3.11,0.54,98.10
1971 N6,VOL,52.85,1.11,16.76,9.94,6.39,9.76,3.06,0.64,100.50
13R - 1984 Lava,VOL,52.89,1.19,16.90,9.07,6.05,9.58,3.16,0.66,99.50
130117_01E,VOL,52.92,1.01,18.35,8.01,5.28,8.62,3.45,0.73,98.36
Lower - C - 03,VOL,52.93,1.01,19.40,8.04,4.03,9.96,2.84,0.58,98.79
1971 30,VOL,52.93,1.13,16.77,9.64,6.02,9.63,3.08,0.65,99.85
05-3B,VOL,52.96,0.96,17.29,7.97,4.79,8.65,2.95,0.95,96.53
130111_04A,VOL,52.98,1.23,22.73,6.17,1.15,2.73,3.62,1.01,91.62
VR1,VOL,53.00,1.20,16.55,9.22,5.68,8.88,3.32,0.71,98.56
001(b),VOL,53.01,1.00,18.85,9.06,4.02,9.75,3.32,0.63,99.64
Lower - C - 05,VOL,53.04,1.00,19.46,7.97,3.98,9.94,2.79,0.59,98.77
FB220114-12,VOL,53.08,0.99,18.00,10.03,3.94,7.68,3.77,0.52,98.01
T2 (S) 822-6C,VOL,53.10,0.80,19.50,7.83,4.60,8.80,3.30,0.50,98.43
Lower - C - 08,VOL,53.10,1.00,19.04,8.00,4.15,9.93,2.90,0.65,98.77
1903-85,VOL,53.10,1.00,17.60,8.64,5.49,9.17,3.09,0.75,98.84
JK 265,VOL,53.10,0.99,18.40,8.07,4.21,8.97,3.08,0.78,97.60
161282-02,VOL,53.17,0.98,19.12,8.13,4.09,9.69,3.37,0.55,99.10
T-20E,VOL,53.21,1.89,16.27,9.71,5.54,6.95,3.12,0.83,97.52
FB101012-1,VOL,53.27,1.05,18.04,10.14,3.80,7.45,3.77,0.64,98.16
JK 198a,VOL,53.32,1.04,18.10,8.25,4.78,8.45,3.05,0.58,97.57
224793,VOL,53.34,1.17,18.32,10.13,4.32,8.43,3.82,0.50,100.03
304795,VOL,53.35,1.20,17.65,10.47,4.43,8.62,3.81,0.48,100.01
006(a),VOL,53.39,1.08,17.20,10.03,4.58,9.23,3.46,0.66,99.63
JK 193,VOL,53.40,1.50,16.08,11.31,4.26,8.60,3.65,0.63,99.43
PU-02-39,VOL,53.41,0.85,17.52,9.25,5.53,9.52,2.98,0.63,99.68
120314/01B,VOL,53.42,1.34,18.52,10.01,3.69,7.45,3.36,0.68,98.48
120314/01B,VOL,53.42,1.34,18.52,10.01,3.69,7.45,3.36,0.68,98.48
264793,VOL,53.56,1.17,17.93,10.06,4.29,8.50,3.88,0.51,99.90
701,VOL,53.60,1.10,18.05,9.59,3.93,8.25,3.64,0.89,99.05
130108_01C,VOL,53.67,1.52,17.66,9.31,3.29,6.84,3.84,1.01,97.15
FB240314-6,VOL,53.76,0.88,17.78,9.74,3.57,7.10,3.87,0.90,97.60
130116_03A,VOL,53.78,1.54,17.55,9.42,3.12,6.52,3.90,1.07,96.89
CLD139A,VOL,53.81,1.22,18.24,8.81,3.82,8.57,3.40,0.78,98.64
PU-05-05,VOL,53.81,0.79,18.34,7.98,5.39,8.84,3.39,1.12,99.66
CLD238G,VOL,53.90,1.09,18.55,8.51,4.01,7.95,3.74,0.89,98.64
T2 (P) 822-6D,VOL,53.90,0.70,18.90,7.38,4.40,8.10,3.50,0.50,97.38
130130_05Ci,VOL,53.95,0.84,23.05,4.68,0.71,2.22,3.64,1.30,90.39
130129_01A,VOL,53.95,1.12,17.93,8.27,4.61,8.00,3.66,0.81,98.34
JK 221,VOL,54.00,1.33,15.75,9.83,3.98,7.94,3.35,0.71,96.89
120307/05B,VOL,54.09,1.24,17.58,9.50,4.03,7.99,3.41,0.70,98.55
120307/05B,VOL,54.09,1.24,17.58,9.50,4.03,7.99,3.41,0.70,98.55
1852-74c,VOL,54.10,1.15,17.10,8.82,4.54,8.75,3.34,0.91,98.71
JK 264,VOL,54.16,1.49,15.50,10.17,3.58,7.43,3.59,0.92,96.84
130115_03B,VOL,54.20,1.51,17.19,9.44,3.31,6.95,3.92,1.04,97.58
CLD168E,VOL,54.26,1.31,17.80,9.80,3.66,7.51,3.40,0.76,98.49
JK 216,VOL,54.28,1.24,16.99,9.34,3.45,7.89,3.51,0.68,97.38
VR5-2,VOL,54.30,1.23,17.25,9.18,3.23,6.72,3.74,0.71,96.36
1903S-95,VOL,54.30,0.98,17.30,8.28,5.05,8.80,3.18,0.90,98.79
1640-31,VOL,54.30,1.31,16.70,9.27,4.27,8.18,3.48,1.03,98.54
CLD275A,VOL,54.34,1.06,17.96,8.74,4.30,8.44,3.29,0.59,98.71
CLD182E,VOL,54.47,1.28,17.59,9.57,3.75,7.73,3.41,0.74,98.54
VR5-3a,VOL,54.50,1.23,17.24,9.34,3.26,6.90,3.86,0.70,97.03
120308/06B,VOL,54.54,1.30,17.45,9.74,3.71,7.58,3.43,0.76,98.51
120308/06B,VOL,54.54,1.30,17.45,9.74,3.71,7.58,3.43,0.76,98.51
130107_02D,VOL,54.59,1.09,17.57,8.25,4.86,8.04,3.78,0.84,99.03
130117_01C,VOL,54.60,1.15,17.52,8.35,4.55,7.86,3.80,0.88,98.70
036(b),VOL,54.60,1.06,17.05,9.73,4.41,8.39,3.48,0.93,99.65
034(a),VOL,54.62,1.43,15.95,11.38,3.87,7.58,3.76,0.94,99.53
JK 230,VOL,54.64,1.29,16.20,9.44,3.28,7.06,3.59,0.72,96.22
CLD184C,VOL,54.64,1.26,17.01,9.46,3.86,7.77,3.76,0.78,98.54
120307/05C,VOL,54.66,1.26,17.04,9.53,3.89,7.74,3.66,0.75,98.53
120307/05C,VOL,54.66,1.26,17.04,9.53,3.89,7.74,3.66,0.75,98.53
VR-4,VOL,54.70,1.24,16.90,9.36,3.28,6.58,3.75,0.77,96.58
120312/01A,VOL,54.70,1.26,16.88,9.53,3.88,7.83,3.68,0.78,98.54
120312/01A,VOL,54.70,1.26,16.88,9.53,3.88,7.83,3.68,0.78,98.54
130116_03B,VOL,54.71,1.12,17.57,8.32,4.82,8.00,3.80,0.86,99.20
CLD234A,VOL,54.73,1.21,20.34,9.11,1.97,4.75,4.74,1.41,98.27
120313/05B,VOL,54.74,1.23,17.10,8.90,3.79,8.24,3.75,0.88,98.62
120313/05B,VOL,54.74,1.23,17.10,8.90,3.79,8.24,3.75,0.88,98.62
JK 233,VOL,54.76,1.35,16.29,9.83,3.44,7.36,3.39,0.69,97.11
120307/05D,VOL,54.83,1.29,17.12,9.65,3.72,7.58,3.56,0.77,98.51
120307/05D,VOL,54.83,1.29,17.12,9.65,3.72,7.58,3.56,0.77,98.51
120306/03A,VOL,54.88,1.23,18.20,9.23,3.63,7.51,3.23,0.70,98.61
120306/03A,VOL,54.88,1.23,18.20,9.23,3.63,7.51,3.23,0.70,98.61
FB091012-3,VOL,54.93,0.77,18.61,9.50,3.00,6.61,4.22,0.72,98.36
CLD209C,VOL,54.96,1.39,17.54,9.55,3.25,6.91,4.19,0.72,98.50
CLD302A,VOL,54.96,1.45,15.96,10.33,3.51,7.37,4.08,0.79,98.45
JK 267,VOL,54.96,1.26,16.10,9.32,3.37,7.43,3.77,0.73,96.94
124_01A,VOL,54.99,1.46,16.62,9.23,3.59,7.60,4.06,1.07,98.61
130108_05Ci,VOL,55.00,0.97,19.36,7.27,2.58,5.68,3.84,1.00,95.71
130130_05Cii,VOL,55.01,0.87,22.38,4.82,0.86,2.41,3.94,1.34,91.64
120313/04C,VOL,55.01,1.19,17.12,8.81,4.06,7.99,3.61,0.85,98.64
120313/04C,VOL,55.01,1.19,17.12,8.81,4.06,7.99,3.61,0.85,98.64
120307/01A,VOL,55.01,1.23,17.00,9.03,3.83,7.97,3.67,0.86,98.61
120307/01A,VOL,55.01,1.23,17.00,9.03,3.83,7.97,3.67,0.86,98.61
130107_02C,VOL,55.06,1.10,17.44,8.18,4.64,7.86,3.82,0.90,99.00
010(a),VOL,55.06,1.18,16.56,10.21,3.92,8.10,3.79,0.81,99.63
130107_02B,VOL,55.07,1.11,17.32,8.18,4.49,7.91,3.90,0.88,98.86
CLD160A,VOL,55.09,1.22,16.87,8.96,3.80,8.08,3.74,0.86,98.62
227_01A,VOL,55.10,1.11,17.59,8.30,4.86,7.97,3.88,0.83,99.64
120314/02A,VOL,55.11,1.23,17.19,8.90,3.87,7.74,3.73,0.84,98.61
120314/02A,VOL,55.11,1.23,17.19,8.90,3.87,7.74,3.73,0.84,98.61
JK 231,VOL,55.13,1.26,16.86,9.33,3.39,7.86,3.81,0.72,98.36
130122_02A,VOL,55.14,0.96,19.51,7.19,2.47,5.30,3.77,1.09,95.43
CLD161A,VOL,55.18,1.21,16.85,8.88,3.79,8.08,3.78,0.85,98.63
JK 227,VOL,55.26,1.51,15.90,10.27,3.66,7.58,3.59,0.97,98.74
120306/03C,VOL,55.34,1.20,16.69,9.02,3.88,7.93,3.77,0.80,98.62
120306/03C,VOL,55.34,1.20,16.69,9.02,3.88,7.93,3.77,0.80,98.62
120313/04B,VOL,55.34,1.20,16.85,8.79,3.80,8.00,3.77,0.89,98.64
120313/04B,VOL,55.34,1.20,16.85,8.79,3.80,8.00,3.77,0.89,98.64
120307/05E,VOL,55.37,1.26,17.54,9.22,3.48,7.34,3.55,0.80,98.56
120307/05E,VOL,55.37,1.26,17.54,9.22,3.48,7.34,3.55,0.80,98.56
130107_03F,VOL,55.38,1.14,17.39,8.06,4.28,7.13,3.85,1.01,98.24
CLD160C,VOL,55.39,1.23,16.82,9.25,3.69,7.66,3.68,0.82,98.56
VR5-1,VOL,55.50,1.21,16.85,9.18,3.25,6.62,3.89,0.82,97.32
CLD238D,VOL,55.51,1.07,17.88,8.25,3.90,7.34,3.77,0.98,98.70
120_03A,VOL,55.67,1.37,16.33,9.32,3.60,7.38,4.12,1.02,98.81
FB091012-5,VOL,55.67,0.78,18.07,9.00,3.08,6.78,4.17,0.74,98.29
JK 266,VOL,55.70,1.27,16.45,9.43,3.13,7.00,3.92,0.77,97.67
1640S-385,VOL,55.70,1.22,16.70,8.82,3.91,7.81,3.37,1.07,98.60
CLD168U,VOL,55.70,1.25,17.52,9.37,3.34,6.84,3.78,0.75,98.55
123_03A,VOL,55.77,1.29,16.57,8.26,2.90,6.30,4.44,1.03,96.57
VR62-1,VOL,55.80,1.47,15.90,9.94,3.35,6.80,4.05,0.90,98.21
JK 220,VOL,55.84,1.34,16.07,9.56,2.76,6.17,3.86,0.80,96.40
CL161(b),VOL,55.85,1.30,16.29,9.02,4.49,7.98,3.74,0.90,99.57
Jk 222,VOL,55.88,1.33,15.94,9.43,3.33,7.00,3.60,0.85,97.36
JK 225,VOL,55.97,1.34,16.67,9.43,3.29,7.39,3.63,0.83,98.55
VR33-9-1,VOL,56.00,1.19,16.90,9.00,3.21,7.20,3.81,0.75,98.06
130108_08Bii,VOL,56.01,1.47,16.55,8.96,3.17,6.72,4.18,1.20,98.26
130108_08Bii,VOL,56.01,1.47,16.55,8.96,3.17,6.72,4.18,1.20,98.26
CLD341A,VOL,56.08,0.86,19.22,7.83,3.96,6.97,3.32,0.60,98.83
JK 223,VOL,56.12,1.45,16.34,10.10,3.26,6.92,3.61,0.81,98.61
JK 232,VOL,56.14,1.21,15.99,9.02,3.40,6.90,3.91,0.78,97.35
PU-02-08,VOL,56.18,0.77,16.13,7.98,6.07,8.21,3.23,1.11,99.68
VR200-1,VOL,56.20,1.20,16.50,9.12,3.22,6.86,3.93,0.85,97.88
FB091012-2,VOL,56.21,0.74,18.48,8.69,2.88,6.58,4.31,0.76,98.65
130129_04A,VOL,56.33,1.27,17.71,8.10,2.91,7.16,4.33,1.00,98.81
130115_04A,VOL,56.35,1.41,17.04,8.58,2.83,6.06,4.46,1.08,97.81
VR33-9-2,VOL,56.40,1.18,16.55,9.00,3.17,6.97,4.00,0.84,98.11
130111_09A,VOL,56.43,1.14,18.06,6.63,1.34,3.53,4.54,1.47,93.14
CLD340A,VOL,56.47,0.84,18.98,7.60,3.82,7.11,3.42,0.62,98.85
130116_02A,VOL,56.48,1.45,16.59,8.86,3.12,6.65,4.21,1.22,98.58
VR55b,VOL,56.50,1.18,16.45,9.00,3.20,6.80,3.90,0.88,97.91
VR54-2,VOL,56.60,1.18,16.30,8.95,3.14,6.74,3.95,0.87,97.73
029(a),VOL,56.61,1.23,16.22,10.25,3.25,6.80,4.33,0.85,99.54
170299-1F,VOL,56.67,0.85,18.67,5.27,2.71,5.67,3.48,0.91,94.23
JK 197,VOL,56.77,1.19,16.59,7.50,2.52,5.74,4.55,0.92,95.78
JK 212,VOL,56.78,1.26,16.30,8.41,2.68,6.04,4.20,0.90,96.57
130130_05Dii,VOL,56.79,0.89,20.56,5.12,1.36,3.20,4.46,1.36,93.73
130207_10A,VOL,56.79,0.90,21.09,4.49,1.06,2.78,4.55,1.37,93.02
130108_01G,VOL,56.80,1.40,16.96,8.62,2.85,6.10,4.45,1.09,98.27
VR68B,VOL,56.80,1.18,16.30,9.00,3.23,7.30,3.98,0.88,98.67
130130_05Di,VOL,56.90,0.89,20.52,5.17,1.41,3.29,4.47,1.35,93.98
VR16F,VOL,56.90,1.16,16.25,8.91,3.20,6.80,3.80,0.85,97.87
JK 200,VOL,56.97,1.27,16.08,8.57,2.74,6.24,4.26,0.91,97.04
VR31D,VOL,57.00,1.18,16.28,8.82,3.19,7.02,3.82,0.86,98.17
VR31A,VOL,57.00,1.18,16.45,8.82,3.27,7.05,3.97,0.87,98.61
124_06Aii,VOL,57.02,1.45,16.40,8.84,3.24,6.88,4.35,1.23,99.40
124_06Ai ,VOL,57.02,1.45,16.40,8.84,3.24,6.88,4.35,1.23,99.40
VR5-3b,VOL,57.10,1.18,16.40,8.95,3.19,6.85,4.08,0.94,98.69
130106_07Ai ,VOL,57.17,1.15,17.29,7.46,3.22,6.98,4.30,1.13,98.69
VR62A,VOL,57.20,1.17,16.48,8.94,3.18,6.97,3.92,0.89,98.75
115_04Cii,VOL,57.25,1.34,17.24,7.98,2.47,5.53,4.51,1.15,97.47
115_04Ci,VOL,57.25,1.34,17.24,7.98,2.47,5.53,4.51,1.15,97.47
170299-1H,VOL,57.25,1.24,17.85,6.08,2.05,4.83,4.38,1.68,95.36
VR54-1,VOL,57.30,1.16,16.16,8.87,3.12,6.77,4.00,0.92,98.30
130116_08B,VOL,57.34,1.35,16.60,8.30,2.85,6.42,4.59,1.14,98.60
CLD335A,VOL,57.36,1.02,19.79,7.73,2.13,5.30,4.48,0.85,98.66
130106_07Aii,VOL,57.37,1.15,17.39,7.46,3.20,7.03,4.31,1.13,99.03
VR62A1,VOL,57.40,1.16,16.30,8.88,3.14,6.82,3.96,0.91,98.57
229_02C,VOL,57.44,1.29,17.12,7.99,2.74,6.23,4.52,1.13,98.45
PU-05-31,VOL,57.48,1.53,15.51,10.03,2.86,6.09,4.25,1.38,99.13
VR6A,VOL,57.50,1.15,16.00,8.86,3.18,6.70,4.03,0.91,98.33
JK 208a,VOL,57.51,1.18,17.80,7.32,2.06,4.98,4.17,0.81,95.83
Jk 235,VOL,57.52,1.34,15.74,8.42,2.59,5.89,4.20,1.01,96.71
CLD205Y,VOL,57.53,1.25,17.17,8.62,2.80,6.19,4.20,0.87,98.63
130106_01B,VOL,57.58,1.18,17.79,7.34,2.87,6.74,4.38,1.11,98.97
130106_07F,VOL,57.66,1.16,17.29,7.38,2.99,6.70,4.38,1.17,98.73
130111_12Aii,VOL,57.66,1.14,18.01,6.60,1.41,3.68,4.66,1.49,94.65
130106_08G,VOL,57.68,1.26,17.19,7.66,2.89,5.43,4.35,1.11,97.57
VR62A2,VOL,57.70,1.17,16.30,8.95,3.17,6.88,4.04,0.92,99.13
130106_03C,VOL,57.75,1.16,17.65,7.22,2.84,6.75,4.52,1.09,98.98
JK 240b,VOL,57.75,1.10,17.49,7.20,2.04,4.92,4.00,0.89,95.39
130106_07D,VOL,57.76,1.15,17.31,7.38,3.12,6.81,4.33,1.17,99.04
JK 217,VOL,57.78,1.28,16.23,9.15,2.42,5.63,4.10,0.87,97.46
CLD248A,VOL,57.79,1.06,18.41,7.35,2.78,5.85,4.25,1.26,98.74
130130_05ciii,VOL,57.80,1.18,17.29,7.78,3.06,6.27,4.31,1.14,98.83
VR9,VOL,57.80,1.17,16.15,8.95,3.16,6.80,4.04,0.91,98.98
117_01B,VOL,57.94,0.66,21.19,3.80,0.50,1.62,4.10,1.65,91.46
CLD296A,VOL,57.97,1.20,20.13,7.81,1.83,4.50,4.33,0.85,98.61
302_03A,VOL,58.05,1.36,17.12,8.10,2.79,5.73,4.34,1.04,98.52
JK 196,VOL,58.13,1.21,16.32,7.59,2.24,5.42,4.62,0.98,96.51
120318/04C,VOL,58.13,1.25,17.59,7.69,2.54,5.68,4.87,0.88,98.62
120318/04C,VOL,58.13,1.25,17.59,7.69,2.54,5.68,4.87,0.88,98.62
130111_12Ai,VOL,58.15,1.14,17.99,6.56,1.40,3.69,4.74,1.52,95.17
120319/01D,VOL,58.20,1.25,17.50,7.61,2.55,5.72,4.91,0.87,98.62
130131_07A,VOL,58.22,1.25,16.91,7.69,2.73,6.26,4.65,1.16,98.87
C181,VOL,58.32,1.17,16.58,7.58,2.67,5.87,4.71,0.97,97.87
130130_05Biv,VOL,58.41,0.83,19.78,4.52,0.96,2.66,4.45,1.48,93.10
120319/02B,VOL,58.57,1.25,17.22,7.58,2.51,5.71,4.87,0.91,98.62
130108_05Cii,VOL,58.77,0.89,17.05,6.89,2.99,6.21,4.39,1.29,98.46
JK 258,VOL,58.85,1.21,16.95,7.45,2.50,5.72,4.61,0.98,98.27
JK 206,VOL,58.88,1.16,16.28,7.45,2.58,5.95,4.58,0.96,97.84
JK 236,VOL,58.89,1.18,16.39,7.35,2.58,5.86,4.67,0.95,97.87
130106_08F,VOL,58.90,1.28,16.45,7.72,2.61,5.56,4.65,1.30,98.49
CLD241H,VOL,58.91,1.03,17.40,7.06,2.72,5.91,4.41,1.35,98.79
130130_05Bi,VOL,59.03,0.73,20.38,4.01,0.65,2.06,4.36,1.64,92.86
CLD205V,VOL,59.18,1.14,16.75,7.42,2.60,5.90,4.74,0.98,98.71
130109_07A,VOL,59.19,1.18,16.94,6.89,2.57,5.83,4.77,1.30,98.67
CLD329A,VOL,59.32,0.93,18.96,7.32,1.70,4.82,4.54,1.11,98.69
121_04A,VOL,59.32,0.87,17.25,6.39,3.42,6.27,4.19,0.95,98.67
JK 208b,VOL,59.33,1.13,16.73,6.85,2.08,5.08,4.56,0.99,96.75
LLA6,VOL,59.36,1.16,16.74,7.45,2.42,5.49,4.87,1.00,98.49
JK 284,VOL,59.38,1.33,16.09,8.29,2.54,5.94,4.27,1.08,98.92
115_01F,VOL,59.39,1.26,16.29,7.32,2.53,5.53,4.98,1.27,98.56
JK 259b,VOL,59.42,1.13,16.89,7.02,1.60,4.29,4.64,1.04,96.03
CLD205B,VOL,59.44,1.18,16.75,7.18,2.49,5.65,4.99,0.99,98.68
JK 218,VOL,59.46,1.18,16.12,8.28,2.09,5.22,4.55,0.99,97.89
Jk 226,VOL,59.53,1.37,15.79,8.56,2.29,5.67,4.25,1.34,98.80
JK 214d,VOL,59.58,1.00,15.48,6.85,1.28,3.80,4.38,1.19,93.56
CLD205A,VOL,59.59,1.17,16.70,7.15,2.46,5.62,5.00,1.02,98.70
130122_04A,VOL,59.67,1.25,16.47,7.16,2.47,5.53,4.95,1.28,98.77
115_04E,VOL,59.73,1.24,16.35,6.99,2.30,5.29,5.21,1.31,98.42
130108_03G,VOL,59.83,1.23,16.71,7.11,2.45,5.50,4.81,1.27,98.91
302_03B,VOL,59.83,1.25,16.75,7.23,2.44,5.44,4.92,1.25,99.13
CLD238H,VOL,59.86,0.86,17.84,6.12,2.58,5.75,4.32,1.55,98.88
CLD238E,VOL,59.95,1.00,17.51,6.52,2.31,5.39,4.69,1.45,98.82
JK 219,VOL,59.97,1.08,15.50,7.72,2.03,5.12,4.82,1.04,97.28
130130_03F,VOL,59.98,1.23,16.59,6.89,2.27,5.15,4.99,1.33,98.42
JK 240a,VOL,60.02,1.21,16.81,7.11,2.38,5.57,4.68,0.96,98.74
JK 201,VOL,60.14,1.18,16.52,7.11,2.44,5.56,4.96,1.01,98.92
T-4A,VOL,60.16,1.23,17.03,7.03,1.25,3.58,5.82,2.10,98.20
CLD331C,VOL,60.55,0.91,17.31,6.98,1.85,5.07,4.90,1.17,98.74
229_02D,VOL,60.61,1.18,16.53,6.55,2.20,5.15,5.04,1.36,98.62
130108_05A,VOL,60.65,0.75,18.49,4.22,1.00,2.80,4.69,1.64,94.25
116_10Aii,VOL,60.71,1.21,16.46,6.86,2.31,5.22,5.05,1.37,99.18
302_03Ci,VOL,60.71,1.10,17.44,5.91,2.10,4.81,5.00,1.37,98.44
130109_01Aii,VOL,60.72,1.11,16.68,6.07,2.16,5.12,5.03,1.47,98.36
130109_01Ai ,VOL,60.72,1.11,16.68,6.07,2.16,5.12,5.03,1.47,98.36
CLD243B,VOL,60.81,0.77,20.17,7.28,0.67,2.98,4.42,1.69,98.79
CLD331D,VOL,60.86,0.87,17.63,6.91,1.61,4.76,4.89,1.22,98.75
130122_06A,VOL,60.87,1.21,16.34,6.65,2.19,5.07,5.11,1.37,98.81
130126_01B,VOL,60.90,1.14,16.88,6.19,2.23,5.22,5.05,1.43,99.04
130129_07A,VOL,60.92,1.09,17.20,5.62,1.86,4.49,5.12,1.48,97.78
JK 259a,VOL,60.98,1.08,16.33,6.60,1.61,4.40,5.00,1.12,97.12
229_02A,VOL,61.06,1.10,17.05,6.24,1.44,3.79,5.13,1.64,97.44
130109_07B,VOL,61.16,1.12,16.76,6.06,2.15,5.06,5.06,1.51,98.88
116_10Ai,VOL,61.28,1.23,16.50,6.92,2.30,5.17,5.16,1.30,99.86
JK 203,VOL,61.34,1.02,16.06,6.60,2.12,5.13,5.06,1.15,98.48
130107_05Iii,VOL,61.56,0.80,18.01,4.05,1.13,2.97,5.07,1.64,95.24
CLD244E,VOL,61.58,0.78,20.11,7.02,0.55,2.61,4.33,1.82,98.81
130107_06A,VOL,61.67,1.11,16.56,5.64,1.73,4.33,5.12,1.56,97.71
CLD205C,VOL,61.75,1.00,16.42,6.40,2.04,4.79,5.23,1.19,98.81
120318/04D,VOL,61.88,0.90,17.83,6.42,1.51,3.94,5.21,1.14,98.84
120318/04D,VOL,61.88,0.90,17.83,6.42,1.51,3.94,5.21,1.14,98.84
124_02F,VOL,61.95,1.12,16.71,5.43,1.89,4.60,5.27,1.41,98.39
C178,VOL,62.00,0.97,15.44,6.83,1.44,3.92,5.26,1.33,97.19
116_10E,VOL,62.07,1.06,16.68,5.09,1.70,4.23,5.28,1.49,97.59
T1 (822-1A),VOL,62.20,0.50,17.60,5.13,2.10,5.60,4.30,1.00,98.43
130107_05G,VOL,62.22,0.90,16.73,4.55,1.34,3.42,4.92,1.51,95.58
JK 215b,VOL,62.50,0.91,15.42,6.09,1.25,3.77,5.23,1.31,96.48
CLD177D,VOL,62.54,1.23,17.24,5.53,1.30,3.24,4.93,2.83,98.84
JK 263b,VOL,62.59,0.49,15.73,4.48,0.53,2.25,4.89,1.42,92.38
130107_05F,VOL,62.71,0.87,16.85,4.21,1.18,3.17,4.91,1.56,95.47
JK 261b,VOL,62.76,0.50,15.77,4.72,0.56,2.39,4.96,1.43,93.09
CLD209A,VOL,62.78,0.67,20.32,5.93,0.60,2.41,4.97,1.27,98.95
130107_05Jib,VOL,62.80,0.78,17.49,3.92,1.06,2.97,5.17,1.74,95.91
130107_05Jia,VOL,62.80,0.78,17.49,3.92,1.06,2.97,5.17,1.74,95.91
130107_05Hii,VOL,62.80,0.89,16.73,4.39,1.29,3.35,5.05,1.57,96.06
130107_05Ii,VOL,62.85,0.75,17.14,3.78,1.06,2.91,5.32,1.73,95.56
JK 194,VOL,62.86,0.93,15.61,6.08,1.28,3.87,5.24,1.32,97.19
CLD305A,VOL,62.88,0.95,16.10,6.45,1.54,4.22,5.36,1.29,98.79
CLD182G,VOL,62.88,1.21,17.01,5.42,1.29,3.23,4.95,2.86,98.85
130107_05K,VOL,62.92,0.78,17.00,3.99,1.18,3.03,5.28,1.74,95.92
CLD304C,VOL,62.93,0.99,16.27,6.80,1.35,4.03,5.02,1.33,98.72
LLA1,VOL,63.09,0.77,15.90,5.91,1.48,4.04,5.18,1.37,97.74
130130_05Bi,VOL,63.13,0.77,21.74,4.27,0.66,2.15,4.58,1.73,99.03
130107_05E,VOL,63.13,0.84,16.91,4.08,1.09,3.01,4.99,1.61,95.66
JK 195b,VOL,63.17,0.99,15.36,6.59,1.31,3.96,5.17,1.36,97.91
130126_01Di,VOL,63.24,1.06,16.51,5.04,1.70,4.28,5.48,1.53,98.85
130107_05Hi,VOL,63.24,0.88,16.63,4.39,1.29,3.37,5.08,1.58,96.46
PU 05 15,VOL,63.38,0.71,13.38,4.25,0.73,2.44,4.64,2.27,91.79
130126_01Dii,VOL,63.59,1.04,16.45,4.95,1.63,4.15,5.50,1.56,98.86
130107_05Jii,VOL,63.71,0.75,16.39,4.41,1.69,4.02,5.23,1.76,97.96
Jk 215a,VOL,63.80,0.93,15.69,6.10,1.29,3.89,5.34,1.34,98.38
130107_05D,VOL,63.91,0.80,16.31,3.88,1.11,3.04,5.25,1.68,95.97
PU 02 40,VOL,63.93,1.04,15.00,6.42,1.81,4.19,4.52,2.19,99.10
JK 207a,VOL,63.97,0.50,15.28,4.50,0.60,2.51,5.14,1.45,93.95
130120_16Ai,VOL,64.01,0.58,16.28,3.34,0.80,2.47,4.85,1.97,94.31
MADHST-2,VOL,64.21,0.57,17.33,4.66,2.23,4.92,4.52,1.28,99.72
130130_05A,VOL,64.33,0.69,21.22,3.90,0.58,1.95,4.81,1.89,99.38
130107_05L,VOL,64.40,0.77,17.50,3.85,1.08,2.98,5.42,1.80,97.80
LRBPomez 01.1,VOL,64.64,0.53,17.15,3.77,2.01,4.54,4.58,1.35,98.57
Pomez-04,VOL,64.68,0.52,16.97,3.79,2.04,4.50,4.58,1.36,98.44
T-4E,VOL,65.11,0.82,17.24,4.40,0.68,2.16,5.47,2.21,98.09
Pomez02,VOL,65.13,0.53,17.28,4.21,2.03,4.58,4.62,1.36,99.74
130126_06Ai,VOL,65.18,0.88,15.63,4.11,1.19,3.14,4.99,2.35,97.47
24-2AW,VOL,65.40,0.58,15.09,3.75,1.52,3.83,4.08,2.66,96.91
Ya2,VOL,65.40,0.58,15.09,3.75,1.52,3.83,4.08,2.66,96.91
24-2AW,VOL,65.40,0.58,15.09,3.75,1.52,3.83,4.08,2.66,96.91
26-5AG,VOL,65.41,0.59,14.83,3.86,1.56,3.64,4.11,2.62,96.62
Ya2,VOL,65.41,0.59,14.83,3.86,1.56,3.64,4.11,2.62,96.62
26-5AG,VOL,65.41,0.59,14.83,3.86,1.56,3.64,4.11,2.62,96.62
PU 05 03,VOL,65.43,0.78,14.66,4.53,0.77,2.51,4.94,2.51,96.13
26-5AY,VOL,65.54,0.60,14.95,4.00,1.54,3.68,4.18,2.66,97.14
Ya2,VOL,65.54,0.60,14.95,4.00,1.54,3.68,4.18,2.66,97.14
26-5AY,VOL,65.54,0.60,14.95,4.00,1.54,3.68,4.18,2.66,97.14
PU 04 04e,VOL,65.62,0.44,14.79,4.53,0.71,2.28,4.66,2.30,95.33
130120_16Aii,VOL,65.71,0.54,15.67,2.98,0.61,1.98,5.17,2.17,94.82
Pomez01,VOL,65.78,0.52,16.95,4.09,2.00,4.39,4.61,1.43,99.77
JK 239,VOL,65.88,0.48,14.90,4.27,0.56,2.39,5.05,1.57,95.10
T-20F,VOL,65.92,0.37,16.07,4.18,0.92,3.34,4.14,1.32,96.26
LLA3,VOL,66.04,0.45,14.98,4.28,0.57,2.35,5.60,1.62,95.89
120319/02A,VOL,66.29,0.62,16.62,5.11,0.79,2.88,5.31,1.46,99.07
120319/02A,VOL,66.29,0.62,16.62,5.11,0.79,2.88,5.31,1.46,99.07
PU 05 12,VOL,66.38,0.76,14.04,4.51,0.78,2.57,4.89,2.54,96.46
LLA4,VOL,66.45,0.46,14.91,4.28,0.48,2.34,5.57,1.65,96.14
170299-1D,VOL,66.47,0.26,14.11,2.27,0.76,2.27,3.26,2.02,91.42
PU 03 27,VOL,66.47,0.60,14.40,5.62,0.63,2.60,5.02,2.56,97.90
LLA5,VOL,66.53,0.48,15.14,4.45,0.59,2.51,5.63,1.61,96.94
PU 05 11A,VOL,66.54,0.78,14.21,4.55,0.80,2.62,5.00,2.51,97.01
JK 207b,VOL,66.61,0.51,15.31,4.42,0.62,2.62,5.52,1.51,97.12
LLA2,VOL,66.82,0.42,14.72,4.10,0.39,2.19,5.53,1.70,95.87
130111_01A,VOL,67.09,0.60,15.78,3.26,0.80,2.49,5.64,2.14,97.81
JK 237a,VOL,67.23,0.48,15.23,4.11,0.56,2.43,5.35,1.58,96.97
130120_16Aiiib,VOL,67.89,0.64,16.40,3.47,0.87,2.58,5.46,2.12,99.43
130120_16Aiiia,VOL,67.89,0.64,16.40,3.47,0.87,2.58,5.46,2.12,99.43
080385-04,VOL,68.48,0.56,14.45,4.22,1.10,3.51,4.36,2.12,98.80
PU 02 29,VOL,69.53,0.74,14.24,4.03,0.67,2.27,5.25,2.64,99.37
PU 02 16,VOL,69.60,0.64,14.00,3.79,0.59,2.08,5.21,2.77,98.68
170299-6,VOL,69.89,0.07,14.92,1.44,0.27,1.23,3.76,2.92,94.50
PU 02 13,VOL,70.21,0.35,13.60,3.61,0.28,1.68,5.25,2.83,97.81
PU 05 25,VOL,70.23,0.39,14.33,4.25,0.37,1.86,5.32,2.81,99.56
PU 02 25,VOL,70.25,0.69,14.08,3.94,0.64,2.16,5.21,2.62,99.59
PU 02 36,VOL,70.36,0.43,13.93,4.19,0.46,2.05,5.26,2.60,99.29
PU 02 34,VOL,70.91,0.34,13.79,4.20,0.31,1.77,5.18,2.79,99.29
05-12a,VOL,71.06,0.25,14.17,2.00,0.47,1.71,3.91,2.71,96.27
170299-1K,VOL,71.11,0.15,13.31,1.55,0.27,1.43,4.02,2.98,94.82
PU 02 26,VOL,71.14,0.38,13.89,3.89,0.29,1.72,5.34,2.79,99.43
T-13A,VOL,72.18,0.13,14.76,1.24,0.43,1.21,4.27,2.89,97.11
05-20a,VOL,72.85,0.19,13.83,1.61,0.33,1.55,4.01,2.86,97.24
05-07a,VOL,73.78,0.15,13.76,1.36,0.26,1.47,4.08,2.93,97.79
06-16b,VOL,73.86,0.16,13.96,1.43,0.32,1.62,4.14,2.94,98.42
Cha-1,VOL,74.44,0.29,14.94,1.36,0.27,1.43,4.11,2.89,99.73